200,6878,87.36186968118888%
503,216,2.743553918455481%
403,381,4.839324272831195%
429,11,0.13971802362504762%
400,14,0.17782293915915154%
TimeoutError,66,0.8383081417502858%
504,198,2.5149244252508574%
406,6,0.07620983106820779%
502,4,0.050806554045471866%
500,9,0.1143147466023117%
520,6,0.07620983106820779%
404,55,0.6985901181252381%
405,4,0.050806554045471866%
204,8,0.10161310809094373%
412,1,0.012701638511367967%
507,1,0.012701638511367967%
401,2,0.025403277022735933%
302,1,0.012701638511367967%
410,4,0.050806554045471866%
522,2,0.025403277022735933%
463,2,0.025403277022735933%
0,1,0.012701638511367967%
402,1,0.012701638511367967%
523,2,0.025403277022735933%
